date,open,high,low,close,volume
20250702,43.24,44.31,43.24,44.16,543400
20250703,44.33,44.62,44.31,44.47,245300
20250707,44.03,44.22,43.46,43.62,417200
20250708,43.98,44.71,43.87,44.42,409000
20250709,44.50,45.05,44.23,44.60,580200
20250710,45.01,45.07,44.52,44.95,311000
20250711,44.65,45.03,44.55,44.85,246900
20250714,44.56,44.65,43.84,44.46,456600
20250715,45.34,45.62,44.98,45.02,511200
20250716,44.69,44.86,43.77,44.83,1393700
20250717,44.84,45.30,44.61,45.17,515600
20250718,45.42,45.47,44.82,45.13,334200
20250721,45.20,45.72,45.18,45.20,379200
20250722,45.00,45.03,43.95,44.38,674200
20250723,44.25,44.42,43.83,44.39,386300
20250724,44.48,44.54,44.06,44.43,248500
20250725,44.21,44.48,44.00,44.44,212500
20250728,44.83,45.17,44.83,45.15,179400
20250729,45.43,45.80,44.92,45.20,202000
20250730,45.54,45.82,45.17,45.58,437600
20250731,45.19,45.19,43.76,44.19,528500
20250801,43.31,43.96,42.67,43.53,689600
20250804,43.84,44.30,43.69,44.30,294500
20250805,44.35,44.49,43.32,43.81,550700
20250806,43.57,43.79,43.11,43.71,330900
20250807,44.64,44.88,44.01,44.37,323400
20250808,44.43,44.74,44.21,44.72,389400
20250811,44.89,45.37,44.57,44.67,371300
20250812,45.06,46.00,44.74,45.99,478800
20250813,46.28,46.52,45.96,46.40,614700
20250814,45.70,46.49,45.65,46.32,579800
20250815,45.90,45.99,45.18,45.30,560200
20250818,45.29,45.52,45.19,45.49,234300
20250819,45.56,45.65,44.61,44.67,352900
20250820,44.54,44.54,43.15,44.34,766200
20250821,44.11,44.44,43.91,44.10,513600
20250822,44.28,45.83,44.15,45.31,556900
20250825,45.31,45.57,45.10,45.35,254100
20250826,45.49,45.88,45.49,45.75,314500
20250827,45.64,45.93,45.41,45.88,390000
20250828,46.00,46.40,45.74,46.10,416000
20250829,45.51,45.51,44.49,44.66,351200
20250902,43.49,44.18,43.35,44.17,463200
20250903,44.36,44.36,43.63,44.08,253500
20250904,43.92,44.70,43.72,44.65,215900
20250905,45.54,45.66,44.82,45.40,485200
20250908,45.61,45.98,45.60,45.78,191200
20250909,45.90,45.92,45.51,45.87,190600
20250910,46.73,47.10,46.60,46.95,332300
20250911,47.15,47.53,47.15,47.23,275700
20250912,47.33,47.45,47.08,47.29,237800
20250915,47.22,47.77,47.14,47.77,617100
20250916,48.01,48.05,47.56,47.89,445000
20250917,47.81,48.16,47.14,47.75,535300
20250918,49.00,49.75,48.87,49.46,650100
20250919,49.41,49.41,48.74,49.08,438600
20250922,49.13,49.96,49.13,49.81,270400
20250923,49.88,50.17,49.37,49.67,287900
20250924,49.58,49.70,48.95,49.58,326300
20250925,48.72,49.58,48.23,49.47,341900
20250926,49.62,49.70,49.03,49.63,333400
20250929,50.13,50.44,49.69,49.72,207600
20250930,49.72,50.17,49.51,50.12,301100
20251001,49.74,51.21,49.74,51.17,275600
20251002,52.19,52.29,51.75,52.17,425800
20251003,52.40,52.62,51.56,51.83,326700
20251006,53.93,54.16,53.31,53.32,325600
20251007,53.75,53.87,52.11,52.22,590200
20251008,52.24,54.04,52.17,53.99,462400
20251009,53.97,54.04,53.35,53.85,421700
20251010,54.01,54.10,50.41,50.43,1429600
20251013,52.48,53.05,52.07,52.90,898300
20251014,51.79,52.79,51.44,51.72,776100
20251015,53.11,53.38,52.22,53.26,847300
20251016,53.91,54.15,52.96,53.52,1231000
20251017,53.03,53.64,52.52,53.35,736700
20251020,53.87,54.59,53.87,54.17,424100
20251021,54.13,54.13,53.46,53.82,220200
20251022,53.39,53.67,51.54,52.58,664000
20251023,52.28,54.01,52.28,53.88,427600
20251024,54.90,55.24,54.79,54.90,304900
20251027,55.96,56.47,55.79,56.39,542500
20251028,56.40,56.85,56.19,56.63,560000
20251029,57.67,58.19,57.11,57.69,684400
20251030,57.34,57.88,56.79,56.80,577700
20251031,57.51,57.79,56.46,56.91,397500
20251103,57.64,57.91,57.06,57.23,335200
20251104,55.80,56.56,54.90,54.96,486900
20251105,55.11,57.29,55.11,56.60,454400
20251106,56.75,56.88,54.90,55.25,796800
20251107,54.32,54.70,52.67,54.64,803500
20251110,56.29,56.50,55.63,56.34,565000
20251111,55.80,55.85,54.83,54.95,769900
20251112,55.96,56.15,55.38,55.75,624300
20251113,55.06,55.17,53.15,53.71,3097200
20251114,52.06,54.42,51.86,53.63,1395700
20251117,53.16,54.21,52.22,52.79,1184800
20251118,52.02,52.38,51.02,51.58,1572100
20251119,51.80,53.14,51.61,52.52,558200
20251120,54.11,54.20,49.84,50.04,1590900
20251121,50.09,51.22,48.51,50.45,1101900
20251124,51.08,53.02,51.00,52.77,556800
20251125,52.03,53.01,50.84,52.88,519200
20251126,53.43,54.78,53.43,54.39,596100
20251128,54.61,55.33,54.40,55.31,196000
20251201,54.52,55.75,54.51,55.31,252400
20251202,55.91,56.80,55.60,56.28,479100
20251203,56.58,57.35,55.91,57.32,535100
20251204,57.09,57.25,56.56,56.86,561300
20251205,57.50,58.09,57.37,57.44,342000
20251208,57.99,58.34,57.53,58.11,676000
20251209,57.77,58.19,57.50,58.08,387700
20251210,58.01,59.01,57.78,58.81,720700
20251211,58.21,58.46,56.79,58.43,721500
20251212,57.56,57.77,55.17,55.44,2108200
20251215,56.03,56.18,54.94,55.09,1262800
20251216,54.93,55.32,54.27,54.80,1033400
20251217,55.12,55.19,52.64,52.78,1883900
20251218,54.78,54.91,53.81,54.07,535700
20251219,54.51,55.89,54.51,55.66,525900
20251222,56.75,56.75,56.03,56.23,442500
20251223,55.98,56.57,55.81,56.55,267800
20251224,56.54,56.73,56.49,56.67,242500
20251226,56.94,56.94,56.57,56.73,146600
20251229,56.10,56.69,55.93,56.52,483200
20251230,56.62,56.90,56.41,56.45,645000
20251231,56.60,56.66,55.76,55.77,355300
20260102,57.19,58.38,57.07,57.99,823300
20260105,59.24,59.62,58.37,58.62,767300
20260106,59.31,60.33,59.20,60.20,1002000
20260107,59.67,59.81,59.15,59.63,739000
20260108,59.50,59.50,58.05,58.52,518500
20260109,58.99,60.42,58.76,60.13,771200
20260112,59.50,60.62,59.50,60.41,740300
20260113,60.88,61.60,60.79,60.98,587300
20260114,60.69,60.69,59.81,60.61,473800
20260115,62.65,62.90,61.65,61.68,593700
20260116,62.73,63.03,62.09,62.41,663900
20260120,61.27,62.41,61.11,61.34,580800
20260121,62.19,63.88,61.93,63.29,977800
20260122,64.49,64.51,63.22,63.40,420300
20260123,62.94,63.21,62.22,62.63,432300
20260126,62.47,62.82,62.00,62.38,815200
20260127,63.26,64.18,63.03,63.90,559400
20260128,65.11,65.60,64.76,65.39,533700
20260129,65.54,66.00,63.12,65.50,1076400
20260130,64.54,65.41,62.57,63.01,1468000
20260202,62.38,64.66,62.31,64.05,983900
20260203,64.62,64.86,61.36,62.72,1567000
20260204,62.20,62.63,58.74,59.99,3529900
20260205,59.07,60.85,58.83,59.95,2634300
20260206,61.21,63.52,61.06,63.34,1755200
20260209,62.88,64.61,62.55,64.24,1347600
20260210,64.41,64.53,63.38,63.87,1842300
20260211,65.11,65.70,63.76,65.27,735400
20260212,65.76,66.10,63.60,63.66,1998200
20260213,63.89,64.61,63.07,64.04,902500
20260217,63.31,64.63,62.39,64.06,2114700
20260218,64.54,65.36,64.08,64.64,398200
20260219,64.08,64.42,63.58,64.34,545100
20260220,63.91,65.41,63.90,65.02,585300
20260223,64.70,65.31,63.97,64.69,616600
20260224,65.45,66.05,64.83,65.61,424100
20260225,66.44,66.89,66.32,66.68,532300
20260226,66.44,66.44,63.48,64.56,1424300
20260227,63.28,64.07,63.07,63.76,1489500
20260302,62.42,64.13,62.32,64.09,1348500
20260303,61.89,61.90,60.44,61.18,1339700
20260304,62.00,62.70,61.50,62.29,1621500
20260305,61.90,62.75,60.35,61.62,1099700
20260306,60.08,61.29,58.83,59.21,1796800
20260309,58.32,61.67,57.98,61.51,2059400
20260310,61.64,63.15,61.64,61.97,1669000
20260311,62.28,63.01,62.10,62.32,782700
20260312,61.48,61.48,59.97,60.22,1305600
20260313,60.92,61.60,60.00,60.23,902800
20260316,61.54,62.21,61.15,61.41,1065100
20260317,61.86,61.96,61.14,61.73,599500
20260318,61.77,62.36,61.40,61.42,570300
20260319,59.84,62.35,59.45,61.92,768500
20260320,61.82,62.10,59.64,60.41,1909700
20260323,61.69,62.61,60.86,61.15,1073100
20260324,60.63,62.33,60.63,61.98,493000
20260325,62.60,63.18,62.15,62.72,1864800
20260326,61.70,61.70,59.70,59.71,1155900
20260327,59.26,59.90,58.46,58.71,480800
20260330,59.24,59.42,55.78,56.22,829600
20260331,57.21,59.76,57.19,59.70,1070800
20260401,60.60,62.13,60.39,61.42,920800
20260402,59.05,61.80,59.05,61.65,566900
20260406,62.17,62.67,61.57,62.30,417900
20260407,62.15,63.01,61.31,63.01,482500
20260408,66.71,67.12,65.48,67.02,1583200
20260409,67.15,68.48,67.15,68.41,663200
20260410,69.16,70.53,69.07,69.99,857600
20260413,69.62,71.19,69.54,71.14,742200
20260414,72.06,72.61,71.18,72.60,750100
20260415,72.50,72.76,71.10,72.69,679200
20260416,72.55,73.66,72.00,73.42,1010600
20260417,74.70,75.22,74.13,75.21,1559500
20260420,75.55,75.73,74.49,75.54,783300
20260421,76.16,76.50,75.29,75.93,1623000
20260422,77.26,78.02,76.34,77.98,1265000
20260423,78.42,80.31,78.09,79.34,1806700
20260424,82.19,83.14,80.83,82.73,2560000
20260427,82.88,83.03,80.65,81.92,2166400
20260428,78.70,80.18,77.66,78.98,3233500
20260429,80.02,80.87,79.59,80.83,1463400
20260430,81.96,82.75,80.50,82.65,1616300
20260501,82.13,83.60,81.69,83.35,1334200
20260504,84.00,84.13,82.10,82.94,1526000
20260505,84.64,87.05,84.35,86.41,1076500
20260506,88.96,90.34,87.08,90.33,2362400
20260507,89.65,89.77,87.16,87.89,2260200
20260508,90.05,92.70,89.65,92.68,1286800
20260511,93.51,95.30,93.08,95.07,2802400
20260512,93.10,93.80,88.66,92.24,4024400
20260513,94.40,95.28,92.39,94.59,1682600
20260514,94.33,95.56,93.56,95.00,2363600
20260515,91.72,92.98,90.69,91.18,2058600
20260518,92.80,93.00,87.33,88.96,2994500
20260519,87.00,90.65,85.76,89.03,3942800
20260520,90.95,93.04,90.74,93.02,1501600
20260521,92.62,94.46,92.40,94.17,1543300
20260522,95.33,96.87,94.99,96.05,1339400
20260526,99.17,101.80,98.82,101.33,2328300
20260527,103.38,103.38,98.00,100.01,2919200
20260528,100.09,102.04,98.62,101.00,1469700
20260529,102.07,103.26,100.25,101.03,1479100
20260601,100.27,103.00,99.40,102.03,1917200
20260602,104.90,108.11,104.00,108.05,2358800
20260603,110.27,110.54,106.67,109.58,3184300
20260604,104.61,108.81,102.67,107.22,4800200
20260605,103.00,103.30,96.24,96.29,6881000
20260608,101.29,103.39,99.79,101.61,3477300
20260609,104.02,104.45,92.85,99.62,6456700
20260610,97.75,101.32,95.73,96.08,4486400
20260611,98.11,103.83,98.11,103.70,5805000
20260612,103.28,106.43,102.21,105.29,2725200
20260615,110.00,111.28,109.13,110.95,2943500
20260616,110.42,111.31,104.62,104.62,3381200
20260617,108.03,109.97,106.05,106.13,4977700
20260618,111.00,113.85,110.72,112.78,2109400
20260622,115.00,115.33,113.22,115.11,2193600
20260623,107.10,109.07,105.23,106.11,4800400
20260624,106.63,107.04,103.20,105.84,4363800
20260625,111.95,111.95,105.25,109.80,4305400
20260626,105.80,106.38,103.55,103.69,3981100
20260629,104.55,108.04,100.57,107.82,1706900
20260630,108.64,112.77,108.30,112.10,1303100
20260701,107.88,108.97,104.85,105.11,3342200
20260702,105.10,106.47,97.39,99.29,5083000
20260706,102.08,104.25,101.46,101.53,1642100
20260707,96.75,97.73,94.12,96.78,3166300
20260708,95.60,99.26,95.60,98.95,2915400
20260709,103.46,104.26,101.63,101.97,1550500
20260710,100.50,102.81,99.67,102.06,1059400
20260713,99.16,99.57,96.70,97.10,2139500
20260714,101.62,101.72,98.24,99.65,3189800
20260715,101.01,101.01,94.62,97.57,2343300
20260716,94.86,95.91,92.62,93.40,2150800
20260717,90.00,93.96,88.09,91.86,2442000
20260720,93.86,95.03,92.20,92.42,3359200
20260721,96.66,97.61,95.10,97.23,1540800
20260722,95.06,98.57,95.00,97.66,1304800
20260723,96.35,98.20,95.93,97.16,1761500
20260724,95.97,96.41,92.18,93.04,1539200
20260727,93.89,94.10,88.28,90.93,2667000
20260728,87.46,88.04,85.00,86.82,4121600
20260729,86.23,87.58,82.21,82.24,3753800
20260730,86.88,89.76,86.22,88.92,2327900
20260731,92.58,93.58,88.33,89.05,1972100
20260803,87.12,90.47,85.97,89.98,2526900
20260804,93.90,96.47,93.35,95.86,1914500
20260805,95.43,97.29,94.28,94.53,1538700
20260806,93.25,96.64,92.17,94.80,984600
20260807,97.20,97.80,95.11,97.20,835800
20260810,97.95,98.00,94.41,94.44,1456600
20260811,96.01,96.07,94.48,95.19,1703300
20260812,98.71,98.71,97.48,97.56,2959800
20260813,97.50,99.98,97.50,98.10,1339200
20260814,97.92,98.34,96.58,97.74,2180400
20260817,99.09,100.49,98.73,99.37,806400
20260818,95.58,96.27,93.08,94.37,2141000
20260819,95.18,95.57,91.56,92.39,2102300
20260820,92.28,93.39,91.67,92.90,677100
20260821,93.83,94.01,91.58,92.42,1256500
20260824,91.00,91.00,88.68,89.93,1443500
20260825,91.60,92.18,90.47,91.19,2179500
20260826,90.70,91.56,90.29,91.40,892600
20260827,93.48,93.82,92.01,93.56,1485200
20260828,92.74,92.92,90.04,90.28,1373700
20260831,90.45,91.15,90.07,90.76,1013200
20260901,89.15,89.67,87.96,88.90,3200900
20260902,88.57,89.66,87.82,89.27,1513500
20260903,88.42,89.51,87.06,89.40,596900
20260904,90.69,92.51,90.26,92.40,1143400
20260908,94.06,94.67,93.24,93.60,1305200
20260909,93.03,94.62,93.03,93.95,888100
20260910,91.62,92.38,91.05,91.47,866700
20260911,92.78,93.78,92.26,93.10,784900
20260914,88.00,88.87,87.48,87.67,2441500
20260915,88.64,89.00,87.64,88.00,2290800
20260916,89.33,89.90,87.68,88.57,1626700
20260917,91.26,91.69,90.86,91.33,974100
20260918,92.10,93.90,92.04,93.86,475700
20260921,95.55,98.29,94.89,97.83,1246600
20260922,96.81,100.01,96.77,99.83,1807600
20260923,99.51,99.63,97.32,98.64,972600
20260924,96.96,98.52,96.46,98.26,802500
20260925,99.18,100.20,98.77,99.68,730600
20260928,99.37,99.63,96.58,98.08,1627100
20260929,99.66,100.52,99.03,99.38,623200
20260930,99.65,100.17,98.78,99.40,707300
20261001,99.81,101.58,99.05,100.97,896900
20261002,103.29,104.42,102.97,103.41,1273900
